feature,importance
AQI,0.31511246514908803
AQI_lag_24h,0.1403875876353937
AQI_lag_12h,0.12273458482283132
month,0.0808542735313604
AQI_lag_6h,0.08044604917361696
AQI_lag_3h,0.07809215595136391
day_of_week,0.0647573435372107
AQI_lag_1h,0.061845313745103624
hour,0.055770226454031284
